Line identifier,Energy level,Intensity,Chi-Rho-Tau absorption,K-factor
-,eV,counts,-,-
B-Ka1,1.83300e+02,0.00000e+00,0.00000e+00,1.00000e+00
C-Ka1,2.77400e+02,0.00000e+00,0.00000e+00,5.42016e-01
N-Ka1,3.92400e+02,0.00000e+00,0.00000e+00,4.34730e-01
O-Ka1,5.24900e+02,4.48183e+04,0.00000e+00,3.86050e-01
F-Ka1,6.76800e+02,6.19359e+03,0.00000e+00,4.04394e-01
Ne-Ka1,8.48600e+02,2.99339e+03,0.00000e+00,3.68134e-01
Na-Ka1,1.04100e+03,0.00000e+00,0.00000e+00,3.71368e-01
Mg-Ka1,1.25360e+03,1.44179e+04,0.00000e+00,3.56439e-01
Al-Ka1,1.48650e+03,9.94937e+05,0.00000e+00,3.63845e-01
Si-Ka1,1.73970e+03,1.98806e+04,0.00000e+00,3.61432e-01
P-Ka1,2.01330e+03,0.00000e+00,0.00000e+00,3.76500e-01
S-Ka1,2.30720e+03,2.84060e+03,0.00000e+00,3.66556e-01
S-Ll,1.47110e+02,0.00000e+00,0.00000e+00,8.06846e+00
Cl-Ka1,2.62240e+03,0.00000e+00,0.00000e+00,3.85459e-01
Cl-Ll,1.82500e+02,0.00000e+00,0.00000e+00,4.82312e+00
Ar-Ka1,2.95770e+03,0.00000e+00,0.00000e+00,4.18180e-01
Ar-Kb1,3.19050e+03,0.00000e+00,0.00000e+00,4.18180e-01
Ar-Ll,2.19900e+02,0.00000e+00,0.00000e+00,3.38787e+00
K-Ka1,3.31380e+03,0.00000e+00,0.00000e+00,3.97275e-01
K-Kb1,3.58960e+03,0.00000e+00,0.00000e+00,3.97275e-01
K-Ll,2.59700e+02,0.00000e+00,0.00000e+00,2.30454e+00
Ca-Ka1,3.69170e+03,4.56185e+02,0.00000e+00,3.98641e-01
Ca-Ka2,3.68810e+03,2.28093e+02,0.00000e+00,3.98641e-01
Ca-Kb1,4.01270e+03,8.89562e+01,0.00000e+00,3.98641e-01
Ca-Ll,3.02700e+02,3.01750e+03,0.00000e+00,1.77750e+00
Sc-Ka1,4.09060e+03,0.00000e+00,0.00000e+00,4.40863e-01
Sc-Ka2,4.08610e+03,0.00000e+00,0.00000e+00,4.40863e-01
Sc-Kb1,4.46050e+03,0.00000e+00,0.00000e+00,4.40863e-01
Sc-La1,3.94200e+02,0.00000e+00,0.00000e+00,1.67391e+00
Sc-Ll,3.48400e+02,0.00000e+00,0.00000e+00,1.67391e+00
Sc-Ln,3.52900e+02,0.00000e+00,0.00000e+00,1.69641e+00
Ti-Ka1,4.51090e+03,1.05624e+04,0.00000e+00,4.65309e-01
Ti-Kb1,4.93180e+03,1.47874e+03,0.00000e+00,4.65309e-01
Ti-La1,4.47500e+02,1.64293e+03,0.00000e+00,1.34072e+00
Ti-Lb1,4.53500e+02,1.87764e+03,0.00000e+00,1.36203e+00
Ti-Ll,3.95200e+02,5.39821e+03,0.00000e+00,1.34072e+00
V-Ka1,4.95220e+03,5.70486e+02,0.00000e+00,4.94352e-01
V-Ka2,4.94460e+03,2.85243e+02,0.00000e+00,4.94352e-01
V-Kb1,5.42730e+03,1.14097e+02,0.00000e+00,4.94352e-01
V-La1,5.04900e+02,0.00000e+00,0.00000e+00,1.19793e+00
V-La2,5.10700e+02,0.00000e+00,0.00000e+00,1.19793e+00
V-Lb1,5.18300e+02,0.00000e+00,0.00000e+00,1.21945e+00
V-Ll,4.46400e+02,0.00000e+00,0.00000e+00,1.19793e+00
V-Ln,4.54000e+02,0.00000e+00,0.00000e+00,1.21945e+00
Cr-Ka1,5.41470e+03,6.21901e+02,0.00000e+00,5.07126e-01
Cr-Ka2,5.40550e+03,3.10951e+02,0.00000e+00,5.07126e-01
Cr-Kb1,5.94670e+03,1.24380e+02,0.00000e+00,5.07126e-01
Cr-La1,5.72200e+02,0.00000e+00,0.00000e+00,1.09675e+00
Cr-La2,5.72200e+02,0.00000e+00,0.00000e+00,1.09675e+00
Cr-Lb1,5.81400e+02,0.00000e+00,0.00000e+00,1.11813e+00
Cr-Ll,5.00400e+02,0.00000e+00,0.00000e+00,1.09675e+00
Cr-Ln,5.09600e+02,0.00000e+00,0.00000e+00,1.11813e+00
Mn-Ka1,5.89870e+03,1.60773e+03,0.00000e+00,5.41974e-01
Mn-Ka2,5.88760e+03,2.41160e+02,0.00000e+00,5.41974e-01
Mn-Kb1,6.49040e+03,2.49198e+02,0.00000e+00,5.41974e-01
Mn-La1,6.33160e+02,0.00000e+00,0.00000e+00,1.04142e+00
Mn-La2,6.33040e+02,0.00000e+00,0.00000e+00,1.04142e+00
Mn-Lb1,6.44140e+02,0.00000e+00,0.00000e+00,1.06350e+00
Mn-Ll,5.56400e+02,0.00000e+00,0.00000e+00,1.04142e+00
Mn-Ln,5.67500e+02,0.00000e+00,0.00000e+00,1.06350e+00
Fe-Ka1,6.40390e+03,1.45321e+03,0.00000e+00,5.60321e-01
Fe-Ka2,6.39090e+03,7.26604e+02,0.00000e+00,5.60321e-01
Fe-Kb1,7.05800e+03,2.96454e+02,0.00000e+00,5.60321e-01
Fe-La1,7.04500e+02,0.00000e+00,0.00000e+00,9.21947e-01
Fe-La2,7.04500e+02,0.00000e+00,0.00000e+00,9.21947e-01
Fe-Lb1,7.17500e+02,0.00000e+00,0.00000e+00,9.42736e-01
Fe-Ll,6.15200e+02,0.00000e+00,0.00000e+00,9.21947e-01
Co-Ka1,6.93030e+03,9.14560e+02,0.00000e+00,6.04656e-01
Co-Ka2,6.91530e+03,4.57280e+02,0.00000e+00,6.04656e-01
Co-Kb1,7.64940e+03,1.88399e+02,0.00000e+00,6.04656e-01
Co-La1,7.75700e+02,1.64344e+03,0.00000e+00,8.60551e-01
Co-La2,7.75700e+02,1.64344e+02,0.00000e+00,8.60551e-01
Co-Lb1,7.90700e+02,3.96068e+02,0.00000e+00,8.80999e-01
Co-Ll,6.77900e+02,3.94424e+02,0.00000e+00,8.60551e-01
Ni-Ka1,7.47810e+03,6.95997e+02,0.00000e+00,6.19451e-01
Ni-Ka2,7.46090e+03,1.73999e+02,0.00000e+00,6.19451e-01
Ni-Kb1,8.26470e+03,1.18319e+02,0.00000e+00,6.19451e-01
Ni-La1,8.51100e+02,0.00000e+00,0.00000e+00,7.70622e-01
Ni-La2,8.51100e+02,0.00000e+00,0.00000e+00,7.70622e-01
Ni-Lb1,8.68300e+02,0.00000e+00,0.00000e+00,7.89831e-01
Ni-Ll,7.42900e+02,0.00000e+00,0.00000e+00,7.70622e-01
Cu-Ka1,8.04780e+03,5.13541e+04,0.00000e+00,6.93709e-01
Cu-Ka2,8.02790e+03,1.43791e+04,0.00000e+00,6.93709e-01
Cu-Kb1,8.90530e+03,9.75727e+03,0.00000e+00,6.93709e-01
Cu-La1,9.29500e+02,7.16109e+04,0.00000e+00,7.53916e-01
Cu-La2,9.29500e+02,7.16109e+03,0.00000e+00,7.53916e-01
Cu-Lb1,9.49400e+02,1.28900e+04,0.00000e+00,7.73958e-01
Zn-Ka1,8.63890e+03,8.72043e+02,0.00000e+00,7.44894e-01
Zn-Ka2,8.61580e+03,4.36022e+02,0.00000e+00,7.44894e-01
Zn-Kb1,9.57200e+03,1.74409e+02,0.00000e+00,7.44894e-01
Zn-La1,1.01160e+03,3.39721e+03,0.00000e+00,7.15037e-01
Zn-La2,1.01160e+03,3.39721e+02,0.00000e+00,7.15037e-01
Zn-Lb1,1.03470e+03,9.71603e+02,0.00000e+00,7.35277e-01
Ga-Ka1,9.25170e+03,2.20627e+02,0.00000e+00,8.36578e-01
Ga-Ka2,9.22480e+03,1.54439e+02,0.00000e+00,8.36578e-01
Ga-Kb1,1.02642e+04,5.07441e+01,0.00000e+00,8.36578e-01
Ga-La1,1.09800e+03,1.17952e+03,0.00000e+00,7.09265e-01
Ga-La2,1.09800e+03,1.17952e+02,0.00000e+00,7.09265e-01
Ga-Lb1,1.12490e+03,3.55036e+02,0.00000e+00,7.30740e-01
Ge-Ka1,9.88640e+03,3.82962e+02,0.00000e+00,9.29296e-01
Ge-Ka2,9.85530e+03,1.91481e+02,0.00000e+00,9.29296e-01
Ge-Kb1,1.09823e+04,4.97850e+01,0.00000e+00,9.29296e-01
Ge-La1,1.18800e+03,0.00000e+00,0.00000e+00,6.92672e-01
Ge-La2,1.18800e+03,0.00000e+00,0.00000e+00,6.92672e-01
Ge-Lb1,1.21910e+03,0.00000e+00,0.00000e+00,7.15007e-01
As-Ka1,1.05436e+04,9.02910e+02,0.00000e+00,1.03652e+00
As-Ka2,1.05081e+04,4.51455e+02,0.00000e+00,1.03652e+00
As-Kb1,1.17262e+04,1.32728e+02,0.00000e+00,1.03652e+00
As-La1,1.28190e+03,0.00000e+00,0.00000e+00,6.72153e-01
As-La2,1.28190e+03,0.00000e+00,0.00000e+00,6.72153e-01
As-Lb1,1.31740e+03,0.00000e+00,0.00000e+00,6.95012e-01
Se-Ka1,1.12220e+04,2.87742e+02,0.00000e+00,1.20016e+00
Se-Ka2,1.11816e+04,1.43871e+02,0.00000e+00,1.20016e+00
Se-Kb1,1.24959e+04,4.31613e+01,0.00000e+00,1.20016e+00
Se-La1,1.37910e+03,0.00000e+00,0.00000e+00,6.70789e-01
Se-La2,1.37910e+03,0.00000e+00,0.00000e+00,6.70789e-01
Se-Lb1,1.41950e+03,0.00000e+00,0.00000e+00,6.94829e-01
Br-Ka1,1.19238e+04,5.02505e+01,0.00000e+00,1.35263e+00
Br-Ka2,1.18777e+04,2.51252e+01,0.00000e+00,1.35263e+00
Br-Kb1,1.32922e+04,7.63808e+00,0.00000e+00,1.35263e+00
Br-La1,1.48090e+03,0.00000e+00,0.00000e+00,6.43553e-01
Br-La2,1.47980e+03,0.00000e+00,0.00000e+00,6.43553e-01
Br-Lb1,1.52590e+03,0.00000e+00,0.00000e+00,6.68050e-01
Kr-Ka1,1.26507e+04,0.00000e+00,0.00000e+00,1.60314e+00
Kr-Ka2,1.25984e+04,0.00000e+00,0.00000e+00,1.60314e+00
Kr-Kb1,1.41118e+04,0.00000e+00,0.00000e+00,1.60314e+00
Kr-La1,1.58600e+03,0.00000e+00,0.00000e+00,6.62581e-01
Kr-La2,1.58600e+03,0.00000e+00,0.00000e+00,6.62581e-01
Kr-Lb1,1.63830e+03,0.00000e+00,0.00000e+00,6.89193e-01
Rb-Ka1,1.33953e+04,0.00000e+00,0.00000e+00,1.86974e+00
Rb-Ka2,1.33358e+04,0.00000e+00,0.00000e+00,1.86974e+00
Rb-Kb1,1.49612e+04,0.00000e+00,0.00000e+00,1.86974e+00
Rb-La1,1.69410e+03,0.00000e+00,0.00000e+00,6.45232e-01
Rb-La2,1.69260e+03,0.00000e+00,0.00000e+00,6.45232e-01
Rb-Lb1,1.75210e+03,0.00000e+00,0.00000e+00,6.72737e-01
Sr-Ka1,1.41650e+04,2.51659e+02,0.00000e+00,2.21675e+00
Sr-Ka2,1.40978e+04,1.25830e+02,0.00000e+00,2.21675e+00
Sr-Kb1,1.58355e+04,4.02655e+01,0.00000e+00,2.21675e+00
Sr-La1,1.80650e+03,0.00000e+00,0.00000e+00,6.36328e-01
Sr-La2,1.80460e+03,0.00000e+00,0.00000e+00,6.36328e-01
Sr-Lb1,1.87180e+03,0.00000e+00,0.00000e+00,6.64974e-01
Y-Ka1,1.49584e+04,0.00000e+00,0.00000e+00,2.62660e+00
Y-Ka2,1.48829e+04,0.00000e+00,0.00000e+00,2.62660e+00
Y-Kb1,1.67381e+04,0.00000e+00,0.00000e+00,2.62660e+00
Y-La1,1.92260e+03,0.00000e+00,0.00000e+00,6.26648e-01
Y-La2,1.92040e+03,0.00000e+00,0.00000e+00,6.26648e-01
Y-Lb1,1.99590e+03,0.00000e+00,0.00000e+00,6.56355e-01
Y-Mz1,1.34000e+02,3.00829e+02,0.00000e+00,1.01953e+00
Zr-Ka1,1.57753e+04,5.32395e+03,0.00000e+00,3.16933e+00
Zr-Ka2,1.56909e+04,2.66198e+03,0.00000e+00,3.16933e+00
Zr-Kb1,1.76671e+04,8.51832e+02,0.00000e+00,3.16933e+00
Zr-La1,2.04230e+03,3.44550e+04,0.00000e+00,6.16596e-01
Zr-La2,2.03990e+03,3.44550e+03,0.00000e+00,6.16596e-01
Zr-Lb1,2.12430e+03,1.51602e+04,0.00000e+00,6.47335e-01
Zr-Mz1,1.53700e+02,0.00000e+00,0.00000e+00,8.61066e-01
Nb-Ka1,1.66151e+04,2.32029e+02,0.00000e+00,3.81696e+00
Nb-Ka2,1.65209e+04,1.16014e+02,0.00000e+00,3.81696e+00
Nb-Kb1,1.86226e+04,3.48043e+01,0.00000e+00,3.81696e+00
Nb-La1,2.16590e+03,4.64201e+03,0.00000e+00,6.02927e-01
Nb-La2,2.16310e+03,4.64201e+02,0.00000e+00,6.02927e-01
Nb-Lb1,2.25730e+03,1.95893e+03,0.00000e+00,6.34539e-01
Nb-Mz1,1.73500e+02,0.00000e+00,0.00000e+00,7.26219e-01
Mo-Ka1,1.74793e+04,3.81838e+02,0.00000e+00,4.67177e+00
Mo-Ka2,1.73744e+04,1.90919e+02,0.00000e+00,4.67177e+00
Mo-Kb1,1.96072e+04,4.58206e+01,0.00000e+00,4.67177e+00
Mo-La1,2.29320e+03,0.00000e+00,0.00000e+00,6.00029e-01
Mo-La2,2.28990e+03,0.00000e+00,0.00000e+00,6.00029e-01
Mo-Lb1,2.39480e+03,0.00000e+00,0.00000e+00,6.33150e-01
Mo-Mz1,1.95500e+02,0.00000e+00,0.00000e+00,6.20827e-01
Tc-Ka1,1.83671e+04,2.08293e+02,0.00000e+00,5.73937e+00
Tc-Ka2,1.82508e+04,1.04146e+02,0.00000e+00,5.73937e+00
Tc-La1,2.42400e+03,3.41124e+03,0.00000e+00,5.92955e-01
Tc-La2,2.42050e+03,3.41124e+02,0.00000e+00,5.92955e-01
Tc-Lb1,2.53680e+03,1.53506e+03,0.00000e+00,6.27296e-01
Tc-Mz1,2.17500e+02,0.00000e+00,0.00000e+00,5.52884e-01
Ru-Ka1,1.92793e+04,2.03543e+02,0.00000e+00,7.09938e+00
Ru-Ka2,1.91503e+04,1.01771e+02,0.00000e+00,7.09938e+00
Ru-La1,2.55850e+03,1.19564e+02,0.00000e+00,5.92838e-01
Ru-La2,2.55430e+03,1.19564e+01,0.00000e+00,5.92838e-01
Ru-Lb1,2.68330e+03,5.38036e+01,0.00000e+00,6.28949e-01
Ru-Mz1,2.40500e+02,2.71623e+02,0.00000e+00,5.12342e-01
Rh-La1,2.69680e+03,1.49838e+03,0.00000e+00,5.86544e-01
Rh-La2,2.69210e+03,1.49838e+02,0.00000e+00,5.86544e-01
Rh-Lb1,2.83440e+03,6.29318e+02,0.00000e+00,6.23976e-01
Rh-Mz1,2.63800e+02,0.00000e+00,0.00000e+00,4.74904e-01
Pd-La1,2.83860e+03,2.36734e+03,0.00000e+00,5.90237e-01
Pd-La2,2.83330e+03,2.36734e+02,0.00000e+00,5.90237e-01
Pd-Lb1,2.99030e+03,1.04163e+03,0.00000e+00,6.29785e-01
Pd-Mz1,2.88900e+02,0.00000e+00,0.00000e+00,4.53689e-01
Ag-La1,2.98440e+03,2.33873e+03,0.00000e+00,5.84200e-01
Ag-La2,2.97830e+03,2.33873e+02,0.00000e+00,5.84200e-01
Ag-Lb1,3.15090e+03,1.02904e+03,0.00000e+00,6.25172e-01
Ag-Lb2,3.34780e+03,2.57261e+02,0.00000e+00,5.84200e-01
Ag-Mz1,3.10200e+02,0.00000e+00,0.00000e+00,4.40087e-01
Cd-La1,3.13380e+03,0.00000e+00,0.00000e+00,5.96455e-01
Cd-La2,3.12700e+03,0.00000e+00,0.00000e+00,5.96455e-01
Cd-Lb1,3.31650e+03,0.00000e+00,0.00000e+00,6.40208e-01
Cd-Lb2,3.52820e+03,0.00000e+00,0.00000e+00,5.96455e-01
Cd-Mz1,3.43600e+02,6.14785e+03,0.00000e+00,4.37086e-01
In-La1,3.28700e+03,0.00000e+00,0.00000e+00,5.98019e-01
In-La2,3.27930e+03,0.00000e+00,0.00000e+00,5.98019e-01
In-Lb1,3.48720e+03,0.00000e+00,0.00000e+00,6.43923e-01
In-Lb2,3.71390e+03,0.00000e+00,0.00000e+00,5.98019e-01
In-Mz1,3.73400e+02,0.00000e+00,0.00000e+00,4.30747e-01
In-Mg1,6.48100e+02,0.00000e+00,0.00000e+00,6.89398e-01
Sn-La1,3.44400e+03,1.26530e+03,0.00000e+00,6.08159e-01
Sn-La2,3.43550e+03,1.26530e+02,0.00000e+00,6.08159e-01
Sn-Lb1,3.66280e+03,6.32650e+02,0.00000e+00,6.56897e-01
Sn-Lb2,3.90490e+03,1.85999e+02,0.00000e+00,6.08159e-01
Sn-Mz1,4.04700e+02,4.27877e+03,0.00000e+00,4.35722e-01
Sn-Mg1,6.90500e+02,4.27877e+02,0.00000e+00,6.83757e-01
Sb-La1,3.60470e+03,1.97038e+03,0.00000e+00,6.14421e-01
Sb-La2,3.59530e+03,1.97038e+02,0.00000e+00,6.14421e-01
Sb-Lb1,3.84350e+03,9.97015e+02,0.00000e+00,6.65843e-01
Sb-Lb2,4.10080e+03,3.07380e+02,0.00000e+00,6.14421e-01
Sb-Lb3,3.93270e+03,2.16742e+02,0.00000e+00,7.33809e-01
Sb-Mz1,4.38500e+02,3.18587e+03,0.00000e+00,4.37472e-01
Sb-Mg1,7.34200e+02,3.18587e+02,0.00000e+00,6.74573e-01
Te-La1,3.76930e+03,1.71287e+03,0.00000e+00,6.35313e-01
Te-La2,3.75890e+03,1.71287e+02,0.00000e+00,6.35313e-01
Te-Lb1,4.02950e+03,8.78703e+02,0.00000e+00,6.90817e-01
Te-Lb2,4.30160e+03,2.79198e+02,0.00000e+00,6.35313e-01
Te-Mz1,4.72300e+02,0.00000e+00,0.00000e+00,4.50352e-01
Te-Mg1,7.78900e+02,0.00000e+00,0.00000e+00,6.83138e-01
I-La1,3.93770e+03,1.99870e+03,0.00000e+00,6.24554e-01
I-La2,3.92580e+03,1.99870e+02,0.00000e+00,6.24554e-01
I-Lb1,4.22080e+03,1.03733e+03,0.00000e+00,6.81569e-01
I-Lb2,4.50750e+03,3.39779e+02,0.00000e+00,6.24554e-01
I-Lb3,4.31350e+03,1.99870e+02,0.00000e+00,7.48700e-01
I-Mz1,5.08600e+02,0.00000e+00,0.00000e+00,4.41534e-01
I-Mg1,8.25000e+02,0.00000e+00,0.00000e+00,6.58859e-01
Xe-La1,4.10990e+03,1.85245e+03,0.00000e+00,6.40376e-01
Xe-La2,4.09680e+03,1.85245e+02,0.00000e+00,6.40376e-01
Xe-Lb1,4.41830e+03,9.26223e+02,0.00000e+00,7.01471e-01
Xe-Lb2,4.71820e+03,3.14916e+02,0.00000e+00,6.40376e-01
Xe-Lb3,4.51580e+03,1.85245e+02,0.00000e+00,7.70129e-01
Xe-Mz1,5.38700e+02,0.00000e+00,0.00000e+00,4.92139e-01
Xe-Mg1,8.73000e+02,0.00000e+00,0.00000e+00,7.23373e-01
Cs-La1,4.28640e+03,1.85021e+03,0.00000e+00,6.43131e-01
Cs-La2,4.27240e+03,1.85021e+02,0.00000e+00,6.43131e-01
Cs-Lb1,4.61990e+03,9.06601e+02,0.00000e+00,7.06809e-01
Cs-Lb2,4.93540e+03,3.14535e+02,0.00000e+00,6.43131e-01
Cs-Mz1,5.67200e+02,0.00000e+00,0.00000e+00,4.89707e-01
Cs-Mg1,9.21100e+02,0.00000e+00,0.00000e+00,7.08900e-01
Ba-La1,4.46630e+03,1.67218e+03,0.00000e+00,6.60110e-01
Ba-Lb1,4.82750e+03,7.69202e+02,0.00000e+00,7.28204e-01
Ba-Lb2,5.15710e+03,2.34105e+02,0.00000e+00,6.60110e-01
Ba-Lb3,4.92660e+03,2.00661e+02,0.00000e+00,7.96668e-01
Ba-Mz1,6.04300e+02,6.36038e+03,0.00000e+00,4.94251e-01
Ba-Mg1,9.72300e+02,9.54057e+02,0.00000e+00,7.06598e-01
La-La1,4.65100e+03,1.88946e+03,0.00000e+00,6.63318e-01
La-La2,4.63420e+03,1.88946e+02,0.00000e+00,6.63318e-01
La-Lb1,5.04210e+03,9.44731e+02,0.00000e+00,7.34702e-01
La-Lb2,5.38380e+03,3.87340e+02,0.00000e+00,6.63318e-01
La-Lb3,5.14290e+03,1.88946e+02,0.00000e+00,8.02951e-01
La-Mz1,6.42700e+02,1.50350e+03,0.00000e+00,4.86460e-01
La-Mg1,1.02450e+03,2.15001e+02,0.00000e+00,6.89503e-01
Ce-La1,4.84010e+03,1.63285e+03,0.00000e+00,6.65505e-01
Ce-La2,4.82210e+03,1.63285e+02,0.00000e+00,6.65505e-01
Ce-Lb1,5.26290e+03,7.83767e+02,0.00000e+00,7.40131e-01
Ce-Lb2,5.61340e+03,3.10241e+02,0.00000e+00,6.65505e-01
Ce-Lb3,5.36340e+03,1.63285e+02,0.00000e+00,8.07794e-01
Pr-La1,5.03330e+03,1.30100e+03,0.00000e+00,6.65682e-01
Pr-La2,5.01320e+03,1.30100e+02,0.00000e+00,6.65682e-01
Pr-Lb1,5.48930e+03,6.76518e+02,0.00000e+00,7.43556e-01
Pr-Lb2,5.85110e+03,2.86219e+02,0.00000e+00,6.65682e-01
Pr-Lb3,5.59260e+03,1.56119e+02,0.00000e+00,8.10680e-01
Pr-Ma1,9.25000e+02,0.00000e+00,0.00000e+00,4.67469e-01
Pr-Mz1,7.14800e+02,0.00000e+00,0.00000e+00,4.80023e-01
Pr-Mg1,1.12900e+03,0.00000e+00,0.00000e+00,6.70116e-01
Nd-La1,5.23020e+03,1.72290e+03,0.00000e+00,6.78276e-01
Nd-La2,5.20840e+03,1.72290e+02,0.00000e+00,6.78276e-01
Nd-Lb1,5.72200e+03,8.61449e+02,0.00000e+00,7.61059e-01
Nd-Lb2,6.09040e+03,3.44580e+02,0.00000e+00,6.78276e-01
Nd-Lb3,5.82860e+03,1.72290e+02,0.00000e+00,8.28991e-01
Nd-Ma1,9.71700e+02,9.18615e+03,0.00000e+00,4.39531e-01
Nd-Mb,9.96500e+02,9.18615e+02,0.00000e+00,4.51751e-01
Nd-Mz1,7.56200e+02,7.34892e+03,0.00000e+00,4.51751e-01
Nd-Mg1,1.17990e+03,1.10234e+03,0.00000e+00,6.26293e-01
Pm-La1,5.43240e+03,7.26279e+02,0.00000e+00,6.79980e-01
Pm-La2,5.40780e+03,7.26279e+01,0.00000e+00,6.79980e-01
Pm-Lb1,5.96130e+03,3.48614e+02,0.00000e+00,7.66523e-01
Pm-Lb2,6.33890e+03,1.30730e+02,0.00000e+00,6.79980e-01
Pm-Lb3,6.07100e+03,7.26279e+01,0.00000e+00,8.34243e-01
Pm-Ma1,1.02090e+03,0.00000e+00,0.00000e+00,4.27800e-01
Pm-Mb,1.04750e+03,0.00000e+00,0.00000e+00,4.40612e-01
Pm-Mz1,7.97100e+02,0.00000e+00,0.00000e+00,4.40612e-01
Pm-Mg1,1.23650e+03,0.00000e+00,0.00000e+00,6.06847e-01
Sm-La1,5.63600e+03,1.78546e+03,0.00000e+00,7.04091e-01
Sm-La2,5.61020e+03,1.78546e+02,0.00000e+00,7.04091e-01
Sm-Lb1,6.20580e+03,8.21314e+02,0.00000e+00,7.97473e-01
Sm-Lb2,6.58720e+03,3.03529e+02,0.00000e+00,7.04091e-01
Sm-Ma1,1.07420e+03,0.00000e+00,0.00000e+00,4.31057e-01
Sm-Mb,1.10050e+03,0.00000e+00,0.00000e+00,4.43961e-01
Sm-Mz1,8.40400e+02,0.00000e+00,0.00000e+00,4.43961e-01
Eu-La1,5.84600e+03,9.84986e+02,0.00000e+00,7.11200e-01
Eu-La2,5.81630e+03,9.84986e+01,0.00000e+00,7.11200e-01
Eu-Lb1,6.45650e+03,4.43244e+02,0.00000e+00,8.09487e-01
Eu-Lb2,6.84370e+03,1.67448e+02,0.00000e+00,7.11200e-01
Eu-Lb3,6.57140e+03,9.84986e+01,0.00000e+00,8.79361e-01
Eu-Ma1,1.12490e+03,0.00000e+00,0.00000e+00,4.21644e-01
Eu-Mb,1.15769e+03,0.00000e+00,0.00000e+00,4.35560e-01
Eu-Mz1,8.76700e+02,0.00000e+00,0.00000e+00,4.35560e-01
Gd-La1,6.05760e+03,1.67465e+03,0.00000e+00,7.36393e-01
Gd-La2,6.02560e+03,1.67465e+02,0.00000e+00,7.36393e-01
Gd-Lb1,6.71310e+03,8.37326e+02,0.00000e+00,8.42424e-01
Gd-Lb2,7.10230e+03,3.43304e+02,0.00000e+00,7.36393e-01
Gd-Lb3,6.83160e+03,1.67465e+02,0.00000e+00,9.14414e-01
Gd-Ma1,1.17668e+03,0.00000e+00,0.00000e+00,4.23451e-01
Gd-Mb,1.20792e+03,0.00000e+00,0.00000e+00,4.37856e-01
Gd-Mz1,9.28700e+02,0.00000e+00,0.00000e+00,4.37856e-01
Tb-La1,6.27280e+03,1.39842e+03,0.00000e+00,7.45609e-01
Tb-La2,6.23900e+03,1.39842e+02,0.00000e+00,7.45609e-01
Tb-Lb1,6.97660e+03,6.29288e+02,0.00000e+00,8.57446e-01
Tb-Lb2,7.36700e+03,2.37731e+02,0.00000e+00,7.45609e-01
Tb-Lb3,7.09670e+03,1.39842e+02,0.00000e+00,9.30111e-01
Tb-Ma1,1.23260e+03,0.00000e+00,0.00000e+00,4.15795e-01
Tb-Mb,1.26560e+03,0.00000e+00,0.00000e+00,4.30098e-01
Tb-Mz1,9.64800e+02,0.00000e+00,0.00000e+00,4.30098e-01
Dy-La1,6.49520e+03,1.40259e+03,0.00000e+00,7.69955e-01
Dy-La2,6.45760e+03,1.54284e+02,0.00000e+00,7.69955e-01
Dy-Lb1,7.24810e+03,7.01293e+02,0.00000e+00,8.90232e-01
Dy-Lb2,7.63590e+03,2.94543e+02,0.00000e+00,7.69955e-01
Dy-Lb3,7.37020e+03,1.40259e+02,0.00000e+00,9.64685e-01
Dy-Ma1,1.29070e+03,0.00000e+00,0.00000e+00,4.10700e-01
Dy-Mb,1.32830e+03,0.00000e+00,0.00000e+00,4.25803e-01
Dy-Mz1,1.00070e+03,0.00000e+00,0.00000e+00,4.25803e-01
Ho-La1,6.71970e+03,1.36543e+03,0.00000e+00,7.79236e-01
Ho-La2,6.67960e+03,1.36543e+02,0.00000e+00,7.79236e-01
Ho-Lb1,7.52630e+03,5.87135e+02,0.00000e+00,9.06038e-01
Ho-Lb2,7.91010e+03,2.32123e+02,0.00000e+00,7.79236e-01
Ho-Ma1,1.34770e+03,0.00000e+00,0.00000e+00,4.04965e-01
Ho-Mb,1.38780e+03,0.00000e+00,0.00000e+00,4.20221e-01
Ho-Mz1,1.04800e+03,0.00000e+00,0.00000e+00,4.20221e-01
Er-La1,6.94860e+03,8.31461e+02,0.00000e+00,7.94534e-01
Er-La2,6.90460e+03,8.31461e+01,0.00000e+00,7.94534e-01
Er-Lb1,7.81100e+03,3.49214e+02,0.00000e+00,9.29238e-01
Er-Lb2,8.19030e+03,1.41348e+02,0.00000e+00,7.94534e-01
Er-Ma1,1.40500e+03,0.00000e+00,0.00000e+00,3.98171e-01
Er-Mb,1.44900e+03,0.00000e+00,0.00000e+00,4.13996e-01
Er-Mz1,1.08710e+03,0.00000e+00,0.00000e+00,4.13996e-01
Tm-La1,7.18030e+03,1.05542e+03,0.00000e+00,8.07753e-01
Tm-La2,7.13340e+03,1.05542e+02,0.00000e+00,8.07753e-01
Tm-Lb1,8.10230e+03,4.69663e+02,0.00000e+00,9.50353e-01
Tm-Lb2,8.46840e+03,2.05808e+02,0.00000e+00,8.07753e-01
Tm-Ma1,1.46240e+03,0.00000e+00,0.00000e+00,3.89791e-01
Tm-Mb,1.50930e+03,0.00000e+00,0.00000e+00,4.05686e-01
Tm-Mz1,1.12870e+03,0.00000e+00,0.00000e+00,4.05686e-01
Yb-La1,7.41580e+03,1.35699e+03,0.00000e+00,8.34266e-01
Yb-La2,7.36730e+03,1.35699e+02,0.00000e+00,8.34266e-01
Yb-Lb1,8.40190e+03,7.05635e+02,0.00000e+00,9.87569e-01
Yb-Lb2,8.75870e+03,2.71398e+02,0.00000e+00,8.34266e-01
Yb-Lb3,8.53660e+03,1.35699e+02,0.00000e+00,1.06742e+00
Yb-Ma1,1.52150e+03,3.52590e+04,0.00000e+00,3.90244e-01
Yb-Mb,1.57000e+03,1.58666e+04,0.00000e+00,4.06090e-01
Yb-Mz1,1.17960e+03,4.58368e+03,0.00000e+00,4.06090e-01
Lu-La1,7.65560e+03,1.43871e+03,0.00000e+00,8.50897e-01
Lu-La2,7.60470e+03,1.43871e+02,0.00000e+00,8.50897e-01
Lu-Lb1,8.70920e+03,5.89869e+02,0.00000e+00,1.01374e+00
Lu-Lb2,9.04910e+03,2.44580e+02,0.00000e+00,8.50897e-01
Lu-Ma1,1.58160e+03,0.00000e+00,0.00000e+00,3.89966e-01
Lu-Mb,1.63250e+03,0.00000e+00,0.00000e+00,4.05987e-01
Hf-La1,7.89900e+03,3.18036e+03,0.00000e+00,8.80289e-01
Hf-La2,7.84430e+03,3.18036e+02,0.00000e+00,8.80289e-01
Hf-Lb1,9.02300e+03,1.68559e+03,0.00000e+00,1.05564e+00
Hf-Lb2,9.34700e+03,6.04269e+02,0.00000e+00,8.80289e-01
Hf-Ma1,1.64460e+03,0.00000e+00,0.00000e+00,3.88377e-01
Hf-Mb,1.69930e+03,0.00000e+00,0.00000e+00,4.04818e-01
Hf-Na1,2.06700e+02,0.00000e+00,0.00000e+00,4.55224e+00
Ta-La1,8.14600e+03,0.00000e+00,0.00000e+00,9.05387e-01
Ta-La2,8.08790e+03,0.00000e+00,0.00000e+00,9.05387e-01
Ta-Lb1,9.34290e+03,0.00000e+00,0.00000e+00,1.09282e+00
Ta-Lb2,9.65180e+03,0.00000e+00,0.00000e+00,9.05387e-01
Ta-Ma1,1.71010e+03,0.00000e+00,0.00000e+00,3.83903e-01
Ta-Mb,1.76820e+03,0.00000e+00,0.00000e+00,4.00480e-01
Ta-Na1,2.16300e+02,0.00000e+00,0.00000e+00,4.39287e+00
W-La1,8.39760e+03,1.09760e+03,0.00000e+00,9.36546e-01
W-La2,8.33520e+03,1.20736e+02,0.00000e+00,9.36546e-01
W-Lb1,9.67240e+03,5.15872e+02,0.00000e+00,1.13836e+00
W-Lb2,9.96140e+03,2.08544e+02,0.00000e+00,9.36546e-01
W-Lb3,9.81880e+03,1.09760e+02,0.00000e+00,1.22821e+00
W-Ma1,1.77560e+03,0.00000e+00,0.00000e+00,3.79880e-01
W-Mb,1.83510e+03,0.00000e+00,0.00000e+00,3.96825e-01
W-Na1,2.22300e+02,9.34244e+02,0.00000e+00,4.33758e+00
Re-La1,8.65240e+03,3.39908e+02,0.00000e+00,9.63499e-01
Re-La2,8.58640e+03,3.39908e+01,0.00000e+00,9.63499e-01
Re-Lb1,1.00098e+04,1.39362e+02,0.00000e+00,1.17961e+00
Re-Lb2,1.02751e+04,6.45825e+01,0.00000e+00,9.63499e-01
Re-Ma1,1.84230e+03,0.00000e+00,0.00000e+00,3.77108e-01
Re-Mb,1.90830e+03,0.00000e+00,0.00000e+00,3.94250e-01
Os-La1,8.91080e+03,9.31211e+01,0.00000e+00,1.00495e+00
Os-La2,8.84010e+03,9.31211e+00,0.00000e+00,1.00495e+00
Os-Lb1,1.03542e+04,3.63172e+01,0.00000e+00,1.23954e+00
Os-Lb2,1.05981e+04,1.76930e+01,0.00000e+00,1.00495e+00
Os-Ma1,1.91380e+03,2.53828e+03,0.00000e+00,3.76442e-01
Os-Mb,1.98450e+03,1.14223e+03,0.00000e+00,3.94102e-01
Ir-La1,9.17480e+03,8.10149e+02,0.00000e+00,1.04081e+00
Ir-La2,9.09910e+03,8.10149e+01,0.00000e+00,1.04081e+00
Ir-Lb1,1.07080e+04,3.07857e+02,0.00000e+00,1.29352e+00
Ir-Lb2,1.09203e+04,1.62030e+02,0.00000e+00,1.04081e+00
Ir-Ma1,1.97990e+03,1.35101e+03,0.00000e+00,3.70556e-01
Ir-Mb,2.05270e+03,6.07956e+02,0.00000e+00,3.88489e-01
Ir-Na1,2.48000e+02,0.00000e+00,0.00000e+00,4.02841e+00
Pt-La1,9.44210e+03,1.17192e+03,0.00000e+00,1.08819e+00
Pt-La2,9.36180e+03,1.17192e+02,0.00000e+00,1.08819e+00
Pt-Lb1,1.10707e+04,4.92207e+02,0.00000e+00,1.36311e+00
Pt-Lb2,1.12504e+04,2.16806e+02,0.00000e+00,1.08819e+00
Pt-Ma1,2.05050e+03,0.00000e+00,0.00000e+00,3.66430e-01
Pt-Mb,2.12760e+03,0.00000e+00,0.00000e+00,3.84574e-01
Pt-Na1,2.56500e+02,0.00000e+00,0.00000e+00,3.97228e+00
Au-La1,9.71300e+03,9.02786e+02,0.00000e+00,1.13349e+00
Au-La2,9.62760e+03,9.02786e+01,0.00000e+00,1.13349e+00
Au-Lb1,1.14425e+04,4.33337e+02,0.00000e+00,1.43164e+00
Au-Lb2,1.15848e+04,1.98613e+02,0.00000e+00,1.13349e+00
Au-Ma1,2.12290e+03,0.00000e+00,0.00000e+00,3.60532e-01
Au-Mb,2.20470e+03,0.00000e+00,0.00000e+00,3.78848e-01
Au-Na1,2.65600e+02,5.24735e+02,0.00000e+00,3.91776e+00
Hg-La1,9.98900e+03,8.99867e+02,0.00000e+00,1.18769e+00
Hg-La2,9.89900e+03,8.99867e+01,0.00000e+00,1.18769e+00
Hg-Lb1,1.18238e+04,3.32951e+02,0.00000e+00,1.51262e+00
Hg-Lb2,1.19241e+04,1.79973e+02,0.00000e+00,1.18769e+00
Hg-Ma1,2.19640e+03,0.00000e+00,0.00000e+00,3.58498e-01
Hg-Mb,2.28270e+03,0.00000e+00,0.00000e+00,3.77001e-01
Hg-Na1,2.76100e+02,2.61149e+03,0.00000e+00,3.94682e+00
Tl-La1,1.02682e+04,1.23570e+03,0.00000e+00,1.25352e+00
Tl-La2,1.01724e+04,1.23570e+02,0.00000e+00,1.25352e+00
Tl-Lb1,1.22128e+04,4.44854e+02,0.00000e+00,1.61024e+00
Tl-Lb2,1.22713e+04,2.47141e+02,0.00000e+00,1.25352e+00
Tl-Ma1,2.27080e+03,0.00000e+00,0.00000e+00,3.57280e-01
Tl-Mb,2.36230e+03,0.00000e+00,0.00000e+00,3.76193e-01
Pb-La1,1.05512e+04,0.00000e+00,0.00000e+00,1.32362e+00
Pb-La2,1.04496e+04,0.00000e+00,0.00000e+00,1.32362e+00
Pb-Lb1,1.26144e+04,0.00000e+00,0.00000e+00,1.71615e+00
Pb-Lb2,1.26223e+04,0.00000e+00,0.00000e+00,1.32362e+00
Pb-Ma1,2.34590e+03,0.00000e+00,0.00000e+00,3.53981e-01
Pb-Mb,2.44270e+03,0.00000e+00,0.00000e+00,3.73157e-01
Pb-Na1,2.92300e+02,0.00000e+00,0.00000e+00,4.08923e+00
Bi-La1,1.08390e+04,8.34338e+02,0.00000e+00,1.38815e+00
Bi-La2,1.07310e+04,8.34338e+01,0.00000e+00,1.38815e+00
Bi-Lb1,1.30235e+04,3.33735e+02,0.00000e+00,1.81661e+00
Bi-Lb2,1.29786e+04,1.16807e+02,0.00000e+00,1.38815e+00
Bi-Ma1,2.42220e+03,0.00000e+00,0.00000e+00,3.48877e-01
Bi-Mb,2.52570e+03,0.00000e+00,0.00000e+00,3.68284e-01
Bi-Na1,3.01700e+02,0.00000e+00,0.00000e+00,4.10681e+00
Po-La1,1.11308e+04,4.71478e+02,0.00000e+00,1.44915e+00
Po-La2,1.10158e+04,4.71478e+01,0.00000e+00,1.44915e+00
Po-Lb1,1.34463e+04,1.79162e+02,0.00000e+00,1.91551e+00
Po-Lb2,1.33404e+04,6.60070e+01,0.00000e+00,1.44915e+00
Po-Ma1,2.51364e+03,9.79233e+02,0.00000e+00,3.41718e-01
Po-Mb,2.62266e+03,5.58163e+02,0.00000e+00,3.61244e-01
At-La1,1.14268e+04,7.57976e+02,0.00000e+00,1.52715e+00
At-La2,1.13048e+04,7.57976e+01,0.00000e+00,1.52715e+00
At-Lb1,1.38760e+04,2.88031e+02,0.00000e+00,2.03880e+00
At-Lb2,1.37381e+04,1.06117e+02,0.00000e+00,1.52715e+00
At-Ma1,2.59612e+03,1.87735e+03,0.00000e+00,3.36042e-01
At-Mb,2.71162e+03,1.07009e+03,0.00000e+00,3.55719e-01
Rn-La1,1.17270e+04,7.09191e+02,0.00000e+00,1.69712e+00
Rn-La2,1.15979e+04,7.09191e+01,0.00000e+00,1.69712e+00
Rn-Lb1,1.43156e+04,2.69493e+02,0.00000e+00,2.28901e+00
Rn-Lb2,1.40824e+04,9.92868e+01,0.00000e+00,1.69712e+00
Rn-Ma1,2.67981e+03,0.00000e+00,0.00000e+00,3.47681e-01
Rn-Mb,2.80187e+03,0.00000e+00,0.00000e+00,3.68506e-01
Fr-La1,1.20315e+04,8.76198e+02,0.00000e+00,1.79720e+00
Fr-La2,1.18950e+04,8.76198e+01,0.00000e+00,1.79720e+00
Fr-Lb1,1.47703e+04,3.32955e+02,0.00000e+00,2.45090e+00
Fr-Lb2,1.44542e+04,1.22668e+02,0.00000e+00,1.79720e+00
Fr-Ma1,2.76084e+03,1.12348e+03,0.00000e+00,3.41762e-01
Fr-Mb,2.88971e+03,6.40386e+02,0.00000e+00,3.62701e-01
Ra-La1,1.23395e+04,8.13230e+02,0.00000e+00,1.92392e+00
Ra-La2,1.21960e+04,8.13230e+01,0.00000e+00,1.92392e+00
Ra-Lb1,1.52359e+04,3.09027e+02,0.00000e+00,2.65398e+00
Ra-Lb2,1.48417e+04,1.13852e+02,0.00000e+00,1.92392e+00
Ra-Ma1,2.80600e+03,0.00000e+00,0.00000e+00,3.38475e-01
Ra-Mb,2.94950e+03,0.00000e+00,0.00000e+00,3.59605e-01
Ac-La1,1.26520e+04,1.31703e+03,0.00000e+00,2.04791e+00
Ac-La2,1.25008e+04,1.31703e+02,0.00000e+00,2.04791e+00
Ac-Lb1,1.57130e+04,5.00470e+02,0.00000e+00,2.85860e+00
Ac-Lb2,1.52340e+04,1.84384e+02,0.00000e+00,2.04791e+00
Ac-Ma1,2.92393e+03,5.63807e+02,0.00000e+00,3.32972e-01
Ac-Mb,3.06626e+03,3.21370e+02,0.00000e+00,3.54170e-01
Th-La1,1.29683e+04,8.38214e+02,0.00000e+00,2.22231e+00
Th-La2,1.28095e+04,8.38214e+01,0.00000e+00,2.22231e+00
Th-Lb1,1.62024e+04,3.18521e+02,0.00000e+00,3.14058e+00
Th-Lb2,1.56239e+04,1.17350e+02,0.00000e+00,2.22231e+00
Th-Ma1,2.99680e+03,0.00000e+00,0.00000e+00,3.33091e-01
Th-Mb,3.14640e+03,0.00000e+00,0.00000e+00,3.54678e-01
Pa-La1,1.32913e+04,8.01426e+02,0.00000e+00,2.35378e+00
Pa-La2,1.31219e+04,8.01426e+01,0.00000e+00,2.35378e+00
Pa-Lb1,1.67025e+04,3.04542e+02,0.00000e+00,3.36904e+00
Pa-Lb2,1.60249e+04,1.12200e+02,0.00000e+00,2.35378e+00
Pa-Ma1,3.08230e+03,2.45829e+03,0.00000e+00,3.23882e-01
Pa-Mb,3.24000e+03,1.40122e+03,0.00000e+00,3.45633e-01
U-La1,1.36146e+04,8.87936e+02,0.00000e+00,2.54731e+00
U-La2,1.34387e+04,9.76730e+01,0.00000e+00,2.54731e+00
U-Lb1,1.72200e+04,2.35303e+02,0.00000e+00,3.69646e+00
U-Lb2,1.64286e+04,1.50949e+02,0.00000e+00,2.54731e+00
U-Ma1,3.17080e+03,0.00000e+00,0.00000e+00,3.25645e-01
U-Mb,3.33630e+03,0.00000e+00,0.00000e+00,3.47718e-01
Np-La1,1.39430e+04,5.68243e+02,0.00000e+00,2.74601e+00
Np-La2,1.37580e+04,5.68243e+01,0.00000e+00,2.74601e+00
Np-Lb1,1.77480e+04,2.15933e+02,0.00000e+00,4.04139e+00
Np-Lb2,1.68380e+04,7.95541e+01,0.00000e+00,2.74601e+00
Np-Ma1,3.25900e+03,3.27366e+03,0.00000e+00,3.17236e-01
Np-Mb,3.43300e+03,1.86598e+03,0.00000e+00,3.39203e-01
Pu-La1,1.42760e+04,3.03126e+02,0.00000e+00,2.93668e+00
Pu-La2,1.40820e+04,3.03126e+01,0.00000e+00,2.93668e+00
Pu-Lb1,1.82900e+04,6.06251e+01,0.00000e+00,4.38612e+00
Pu-Lb2,1.72540e+04,4.24376e+01,0.00000e+00,2.93668e+00
Pu-Ma1,3.34900e+03,1.38297e+03,0.00000e+00,3.18950e-01
Pu-Mb,3.53100e+03,7.88293e+02,0.00000e+00,3.41485e-01
Am-La1,1.46140e+04,6.36649e+02,0.00000e+00,3.22411e+00
Am-La2,1.44100e+04,6.36649e+01,0.00000e+00,3.22411e+00
Am-Lb1,1.88470e+04,2.41927e+02,0.00000e+00,4.89040e+00
Am-Lb2,1.76760e+04,8.91309e+01,0.00000e+00,3.22411e+00
Am-Ma1,3.44600e+03,0.00000e+00,0.00000e+00,3.10167e-01
Am-Mb,3.63500e+03,0.00000e+00,0.00000e+00,3.32605e-01
Cm-La1,1.49600e+04,6.38815e+02,0.00000e+00,3.51783e+00
Cm-La2,1.47380e+04,6.38815e+01,0.00000e+00,3.51783e+00
Cm-Lb1,1.94180e+04,2.42750e+02,0.00000e+00,5.42423e+00
Cm-Lb2,1.81100e+04,8.94342e+01,0.00000e+00,3.51783e+00
Cm-Ma1,3.53500e+03,1.03585e+03,0.00000e+00,3.07855e-01
Cm-Mb,3.74200e+03,5.90435e+02,0.00000e+00,3.31479e-01
