Line identifier,Energy level,Intensity,Chi-Rho-Tau absorption,K-factor
-,eV,counts,-,-
B-Ka1,1.83300e+02,0.00000e+00,0.00000e+00,1.00000e+00
C-Ka1,2.77400e+02,0.00000e+00,0.00000e+00,5.34908e-01
N-Ka1,3.92400e+02,5.91590e+01,0.00000e+00,4.23635e-01
O-Ka1,5.24900e+02,0.00000e+00,0.00000e+00,3.71908e-01
F-Ka1,6.76800e+02,0.00000e+00,0.00000e+00,3.85149e-01
Ne-Ka1,8.48600e+02,9.98193e+01,0.00000e+00,3.46539e-01
Na-Ka1,1.04100e+03,0.00000e+00,0.00000e+00,3.45547e-01
Mg-Ka1,1.25360e+03,0.00000e+00,0.00000e+00,3.27781e-01
Al-Ka1,1.48650e+03,0.00000e+00,0.00000e+00,3.30728e-01
Si-Ka1,1.73970e+03,2.08039e+01,0.00000e+00,3.24726e-01
P-Ka1,2.01330e+03,3.72395e+00,0.00000e+00,3.34291e-01
S-Ka1,2.30720e+03,0.00000e+00,0.00000e+00,3.21669e-01
S-Ll,1.47110e+02,0.00000e+00,0.00000e+00,8.09971e+00
Cl-Ka1,2.62240e+03,3.41984e+01,0.00000e+00,3.34284e-01
Cl-Ll,1.82500e+02,0.00000e+00,0.00000e+00,4.81410e+00
Ar-Ka1,2.95770e+03,0.00000e+00,0.00000e+00,3.58291e-01
Ar-Kb1,3.19050e+03,0.00000e+00,0.00000e+00,3.58291e-01
Ar-Ll,2.19900e+02,0.00000e+00,0.00000e+00,3.35984e+00
K-Ka1,3.31380e+03,1.03573e+02,0.00000e+00,3.36238e-01
K-Kb1,3.58960e+03,1.41895e+01,0.00000e+00,3.36238e-01
K-Ll,2.59700e+02,0.00000e+00,0.00000e+00,2.27166e+00
Ca-Ka1,3.69170e+03,2.75461e+01,0.00000e+00,3.33218e-01
Ca-Ka2,3.68810e+03,1.37730e+01,0.00000e+00,3.33218e-01
Ca-Kb1,4.01270e+03,5.37148e+00,0.00000e+00,3.33218e-01
Ca-Ll,3.02700e+02,5.95131e+01,0.00000e+00,1.74182e+00
Sc-Ka1,4.09060e+03,0.00000e+00,0.00000e+00,3.63890e-01
Sc-Ka2,4.08610e+03,0.00000e+00,0.00000e+00,3.63890e-01
Sc-Kb1,4.46050e+03,0.00000e+00,0.00000e+00,3.63890e-01
Sc-La1,3.94200e+02,0.00000e+00,0.00000e+00,1.63109e+00
Sc-Ll,3.48400e+02,0.00000e+00,0.00000e+00,1.63109e+00
Sc-Ln,3.52900e+02,0.00000e+00,0.00000e+00,1.65230e+00
Ti-Ka1,4.51090e+03,1.75342e+01,0.00000e+00,3.79229e-01
Ti-Kb1,4.93180e+03,2.45479e+00,0.00000e+00,3.79229e-01
Ti-La1,4.47500e+02,0.00000e+00,0.00000e+00,1.30000e+00
Ti-Lb1,4.53500e+02,0.00000e+00,0.00000e+00,1.31997e+00
Ti-Ll,3.95200e+02,0.00000e+00,0.00000e+00,1.30000e+00
V-Ka1,4.95220e+03,1.73593e+02,0.00000e+00,3.97724e-01
V-Ka2,4.94460e+03,8.67963e+01,0.00000e+00,3.97724e-01
V-Kb1,5.42730e+03,3.47185e+01,0.00000e+00,3.97724e-01
V-La1,5.04900e+02,0.00000e+00,0.00000e+00,1.15585e+00
V-La2,5.10700e+02,0.00000e+00,0.00000e+00,1.15585e+00
V-Lb1,5.18300e+02,0.00000e+00,0.00000e+00,1.17588e+00
V-Ll,4.46400e+02,0.00000e+00,0.00000e+00,1.15585e+00
V-Ln,4.54000e+02,0.00000e+00,0.00000e+00,1.17588e+00
Cr-Ka1,5.41470e+03,0.00000e+00,0.00000e+00,4.02650e-01
Cr-Ka2,5.40550e+03,0.00000e+00,0.00000e+00,4.02650e-01
Cr-Kb1,5.94670e+03,0.00000e+00,0.00000e+00,4.02650e-01
Cr-La1,5.72200e+02,0.00000e+00,0.00000e+00,1.05303e+00
Cr-La2,5.72200e+02,0.00000e+00,0.00000e+00,1.05303e+00
Cr-Lb1,5.81400e+02,0.00000e+00,0.00000e+00,1.07281e+00
Cr-Ll,5.00400e+02,0.00000e+00,0.00000e+00,1.05303e+00
Cr-Ln,5.09600e+02,0.00000e+00,0.00000e+00,1.07281e+00
Mn-Ka1,5.89870e+03,1.74291e+01,0.00000e+00,4.24546e-01
Mn-Ka2,5.88760e+03,2.61436e+00,0.00000e+00,4.24546e-01
Mn-Kb1,6.49040e+03,2.70151e+00,0.00000e+00,4.24546e-01
Mn-La1,6.33160e+02,4.03714e+01,0.00000e+00,9.95024e-01
Mn-La2,6.33040e+02,4.03714e+00,0.00000e+00,9.95024e-01
Mn-Lb1,6.44140e+02,8.43763e+00,0.00000e+00,1.01531e+00
Mn-Ll,5.56400e+02,2.01857e+01,0.00000e+00,9.95024e-01
Mn-Ln,5.67500e+02,8.07429e+00,0.00000e+00,1.01531e+00
Fe-Ka1,6.40390e+03,8.53115e+02,0.00000e+00,4.32916e-01
Fe-Ka2,6.39090e+03,4.26557e+02,0.00000e+00,4.32916e-01
Fe-Kb1,7.05800e+03,1.74035e+02,0.00000e+00,4.32916e-01
Fe-La1,7.04500e+02,0.00000e+00,0.00000e+00,8.76707e-01
Fe-La2,7.04500e+02,0.00000e+00,0.00000e+00,8.76707e-01
Fe-Lb1,7.17500e+02,0.00000e+00,0.00000e+00,8.95690e-01
Fe-Ll,6.15200e+02,0.00000e+00,0.00000e+00,8.76707e-01
Co-Ka1,6.93030e+03,3.19582e+02,0.00000e+00,4.60642e-01
Co-Ka2,6.91530e+03,1.59791e+02,0.00000e+00,4.60642e-01
Co-Kb1,7.64940e+03,6.58338e+01,0.00000e+00,4.60642e-01
Co-La1,7.75700e+02,6.50554e+01,0.00000e+00,8.14528e-01
Co-La2,7.75700e+02,6.50554e+00,0.00000e+00,8.14528e-01
Co-Lb1,7.90700e+02,1.56783e+01,0.00000e+00,8.33085e-01
Co-Ll,6.77900e+02,1.56133e+01,0.00000e+00,8.14528e-01
Ni-Ka1,7.47810e+03,0.00000e+00,0.00000e+00,4.65132e-01
Ni-Ka2,7.46090e+03,0.00000e+00,0.00000e+00,4.65132e-01
Ni-Kb1,8.26470e+03,0.00000e+00,0.00000e+00,4.65132e-01
Ni-La1,8.51100e+02,0.00000e+00,0.00000e+00,7.25953e-01
Ni-La2,8.51100e+02,0.00000e+00,0.00000e+00,7.25953e-01
Ni-Lb1,8.68300e+02,0.00000e+00,0.00000e+00,7.43277e-01
Ni-Ll,7.42900e+02,0.00000e+00,0.00000e+00,7.25953e-01
Cu-Ka1,8.04780e+03,1.41408e+05,0.00000e+00,5.13247e-01
Cu-Ka2,8.02790e+03,3.95942e+04,0.00000e+00,5.13247e-01
Cu-Kb1,8.90530e+03,2.68675e+04,0.00000e+00,5.13247e-01
Cu-La1,9.29500e+02,4.05834e+03,0.00000e+00,7.07008e-01
Cu-La2,9.29500e+02,4.05834e+02,0.00000e+00,7.07008e-01
Cu-Lb1,9.49400e+02,7.30501e+02,0.00000e+00,7.24974e-01
Zn-Ka1,8.63890e+03,0.00000e+00,0.00000e+00,5.42706e-01
Zn-Ka2,8.61580e+03,0.00000e+00,0.00000e+00,5.42706e-01
Zn-Kb1,9.57200e+03,0.00000e+00,0.00000e+00,5.42706e-01
Zn-La1,1.01160e+03,0.00000e+00,0.00000e+00,6.67212e-01
Zn-La2,1.01160e+03,0.00000e+00,0.00000e+00,6.67212e-01
Zn-Lb1,1.03470e+03,0.00000e+00,0.00000e+00,6.85234e-01
Ga-Ka1,9.25170e+03,0.00000e+00,0.00000e+00,5.99894e-01
Ga-Ka2,9.22480e+03,0.00000e+00,0.00000e+00,5.99894e-01
Ga-Kb1,1.02642e+04,0.00000e+00,0.00000e+00,5.99894e-01
Ga-La1,1.09800e+03,0.00000e+00,0.00000e+00,6.58445e-01
Ga-La2,1.09800e+03,0.00000e+00,0.00000e+00,6.58445e-01
Ga-Lb1,1.12490e+03,0.00000e+00,0.00000e+00,6.77436e-01
Ge-Ka1,9.88640e+03,0.00000e+00,0.00000e+00,6.55539e-01
Ge-Ka2,9.85530e+03,0.00000e+00,0.00000e+00,6.55539e-01
Ge-Kb1,1.09823e+04,0.00000e+00,0.00000e+00,6.55539e-01
Ge-La1,1.18800e+03,0.00000e+00,0.00000e+00,6.39731e-01
Ge-La2,1.18800e+03,0.00000e+00,0.00000e+00,6.39731e-01
Ge-Lb1,1.21910e+03,0.00000e+00,0.00000e+00,6.59345e-01
As-Ka1,1.05436e+04,0.00000e+00,0.00000e+00,7.18892e-01
As-Ka2,1.05081e+04,0.00000e+00,0.00000e+00,7.18892e-01
As-Kb1,1.17262e+04,0.00000e+00,0.00000e+00,7.18892e-01
As-La1,1.28190e+03,2.31954e+01,0.00000e+00,6.17577e-01
As-La2,1.28190e+03,2.31954e+00,0.00000e+00,6.17577e-01
As-Lb1,1.31740e+03,7.60810e+00,0.00000e+00,6.37511e-01
Se-Ka1,1.12220e+04,0.00000e+00,0.00000e+00,8.17924e-01
Se-Ka2,1.11816e+04,0.00000e+00,0.00000e+00,8.17924e-01
Se-Kb1,1.24959e+04,0.00000e+00,0.00000e+00,8.17924e-01
Se-La1,1.37910e+03,4.57047e+01,0.00000e+00,6.13103e-01
Se-La2,1.37910e+03,4.57047e+00,0.00000e+00,6.13103e-01
Se-Lb1,1.41950e+03,1.55853e+01,0.00000e+00,6.33918e-01
Br-Ka1,1.19238e+04,3.44934e+00,0.00000e+00,9.05321e-01
Br-Ka2,1.18777e+04,1.72467e+00,0.00000e+00,9.05321e-01
Br-Kb1,1.32922e+04,5.24300e-01,0.00000e+00,9.05321e-01
Br-La1,1.48090e+03,8.45989e+01,0.00000e+00,5.85224e-01
Br-La2,1.47980e+03,8.45989e+00,0.00000e+00,5.85224e-01
Br-Lb1,1.52590e+03,2.99480e+01,0.00000e+00,6.06287e-01
Kr-Ka1,1.26507e+04,2.11783e+02,0.00000e+00,1.05287e+00
Kr-Ka2,1.25984e+04,1.05891e+02,0.00000e+00,1.05287e+00
Kr-Kb1,1.41118e+04,3.28263e+01,0.00000e+00,1.05287e+00
Kr-La1,1.58600e+03,2.55167e+01,0.00000e+00,5.99310e-01
Kr-La2,1.58600e+03,2.55167e+00,0.00000e+00,5.99310e-01
Kr-Lb1,1.63830e+03,9.33910e+00,0.00000e+00,6.22023e-01
Rb-Ka1,1.33953e+04,0.00000e+00,0.00000e+00,1.20424e+00
Rb-Ka2,1.33358e+04,0.00000e+00,0.00000e+00,1.20424e+00
Rb-Kb1,1.49612e+04,0.00000e+00,0.00000e+00,1.20424e+00
Rb-La1,1.69410e+03,2.05848e+01,0.00000e+00,5.80512e-01
Rb-La2,1.69260e+03,2.05848e+00,0.00000e+00,5.80512e-01
Rb-Lb1,1.75210e+03,7.78106e+00,0.00000e+00,6.03815e-01
Sr-Ka1,1.41650e+04,2.35049e+02,0.00000e+00,1.39900e+00
Sr-Ka2,1.40978e+04,1.17524e+02,0.00000e+00,1.39900e+00
Sr-Kb1,1.58355e+04,3.76078e+01,0.00000e+00,1.39900e+00
Sr-La1,1.80650e+03,0.00000e+00,0.00000e+00,5.69435e-01
Sr-La2,1.80460e+03,0.00000e+00,0.00000e+00,5.69435e-01
Sr-Lb1,1.87180e+03,0.00000e+00,0.00000e+00,5.93524e-01
Y-Ka1,1.49584e+04,2.88734e+02,0.00000e+00,1.62293e+00
Y-Ka2,1.48829e+04,1.44367e+02,0.00000e+00,1.62293e+00
Y-Kb1,1.67381e+04,4.70637e+01,0.00000e+00,1.62293e+00
Y-La1,1.92260e+03,2.36285e+01,0.00000e+00,5.57761e-01
Y-La2,1.92040e+03,2.36285e+00,0.00000e+00,5.57761e-01
Y-Lb1,1.99590e+03,1.18143e+01,0.00000e+00,5.82556e-01
Y-Mz1,1.34000e+02,8.27206e+00,0.00000e+00,1.02442e+00
Zr-Ka1,1.57753e+04,6.11452e+02,0.00000e+00,1.91568e+00
Zr-Ka2,1.56909e+04,3.05726e+02,0.00000e+00,1.91568e+00
Zr-Kb1,1.76671e+04,9.78323e+01,0.00000e+00,1.91568e+00
Zr-La1,2.04230e+03,0.00000e+00,0.00000e+00,5.45923e-01
Zr-La2,2.03990e+03,0.00000e+00,0.00000e+00,5.45923e-01
Zr-Lb1,2.12430e+03,0.00000e+00,0.00000e+00,5.71390e-01
Zr-Mz1,1.53700e+02,0.00000e+00,0.00000e+00,8.61843e-01
Nb-Ka1,1.66151e+04,1.50964e+02,0.00000e+00,2.25478e+00
Nb-Ka2,1.65209e+04,7.54821e+01,0.00000e+00,2.25478e+00
Nb-Kb1,1.86226e+04,2.26446e+01,0.00000e+00,2.25478e+00
Nb-La1,2.16590e+03,5.75032e-01,0.00000e+00,5.30983e-01
Nb-La2,2.16310e+03,5.75032e-02,0.00000e+00,5.30983e-01
Nb-Lb1,2.25730e+03,2.42664e-01,0.00000e+00,5.56977e-01
Nb-Mz1,1.73500e+02,0.00000e+00,0.00000e+00,7.24052e-01
Mo-Ka1,1.74793e+04,1.69176e+02,0.00000e+00,2.69449e+00
Mo-Ka2,1.73744e+04,8.45878e+01,0.00000e+00,2.69449e+00
Mo-Kb1,1.96072e+04,2.03011e+01,0.00000e+00,2.69449e+00
Mo-La1,2.29320e+03,0.00000e+00,0.00000e+00,5.25675e-01
Mo-La2,2.28990e+03,0.00000e+00,0.00000e+00,5.25675e-01
Mo-Lb1,2.39480e+03,0.00000e+00,0.00000e+00,5.52708e-01
Mo-Mz1,1.95500e+02,0.00000e+00,0.00000e+00,6.16939e-01
Tc-Ka1,1.83671e+04,2.01744e+02,0.00000e+00,3.22822e+00
Tc-Ka2,1.82508e+04,1.00872e+02,0.00000e+00,3.22822e+00
Tc-La1,2.42400e+03,0.00000e+00,0.00000e+00,5.16718e-01
Tc-La2,2.42050e+03,0.00000e+00,0.00000e+00,5.16718e-01
Tc-Lb1,2.53680e+03,0.00000e+00,0.00000e+00,5.44536e-01
Tc-Mz1,2.17500e+02,0.00000e+00,0.00000e+00,5.47504e-01
Ru-Ka1,1.92793e+04,2.02375e+02,0.00000e+00,3.88953e+00
Ru-Ka2,1.91503e+04,1.01188e+02,0.00000e+00,3.88953e+00
Ru-La1,2.55850e+03,0.00000e+00,0.00000e+00,5.13871e-01
Ru-La2,2.55430e+03,0.00000e+00,0.00000e+00,5.13871e-01
Ru-Lb1,2.68330e+03,0.00000e+00,0.00000e+00,5.42901e-01
Ru-Mz1,2.40500e+02,1.87371e+01,0.00000e+00,5.05635e-01
Rh-Ka1,2.02161e+04,1.61092e+02,0.00000e+00,4.63368e+00
Rh-Ka2,2.00738e+04,8.05462e+01,0.00000e+00,4.63368e+00
Rh-La1,2.69680e+03,8.49199e+01,0.00000e+00,5.05700e-01
Rh-La2,2.69210e+03,8.49199e+00,0.00000e+00,5.05700e-01
Rh-Lb1,2.83440e+03,3.56663e+01,0.00000e+00,5.35561e-01
Rh-Mz1,2.63800e+02,0.00000e+00,0.00000e+00,4.67148e-01
Pd-La1,2.83860e+03,7.78292e+01,0.00000e+00,5.06174e-01
Pd-La2,2.83330e+03,7.78292e+00,0.00000e+00,5.06174e-01
Pd-Lb1,2.99030e+03,3.42448e+01,0.00000e+00,5.37481e-01
Pd-Mz1,2.88900e+02,0.00000e+00,0.00000e+00,4.44887e-01
Ag-La1,2.98440e+03,0.00000e+00,0.00000e+00,4.98260e-01
Ag-La2,2.97830e+03,0.00000e+00,0.00000e+00,4.98260e-01
Ag-Lb1,3.15090e+03,0.00000e+00,0.00000e+00,5.30439e-01
Ag-Lb2,3.34780e+03,0.00000e+00,0.00000e+00,4.98260e-01
Ag-Mz1,3.10200e+02,0.00000e+00,0.00000e+00,4.30077e-01
Cd-La1,3.13380e+03,0.00000e+00,0.00000e+00,5.05865e-01
Cd-La2,3.12700e+03,0.00000e+00,0.00000e+00,5.05865e-01
Cd-Lb1,3.31650e+03,0.00000e+00,0.00000e+00,5.39947e-01
Cd-Lb2,3.52820e+03,0.00000e+00,0.00000e+00,5.05865e-01
Cd-Mz1,3.43600e+02,0.00000e+00,0.00000e+00,4.25568e-01
In-La1,3.28700e+03,0.00000e+00,0.00000e+00,5.04319e-01
In-La2,3.27930e+03,0.00000e+00,0.00000e+00,5.04319e-01
In-Lb1,3.48720e+03,0.00000e+00,0.00000e+00,5.39780e-01
In-Lb2,3.71390e+03,0.00000e+00,0.00000e+00,5.04319e-01
In-Mz1,3.73400e+02,3.84152e+01,0.00000e+00,4.17840e-01
In-Mg1,6.48100e+02,3.84152e+00,0.00000e+00,6.57558e-01
Sn-La1,3.44400e+03,1.28584e+02,0.00000e+00,5.09935e-01
Sn-La2,3.43550e+03,1.28584e+01,0.00000e+00,5.09935e-01
Sn-Lb1,3.66280e+03,6.42922e+01,0.00000e+00,5.47270e-01
Sn-Lb2,3.90490e+03,1.89019e+01,0.00000e+00,5.09935e-01
Sn-Mz1,4.04700e+02,0.00000e+00,0.00000e+00,4.21105e-01
Sn-Mg1,6.90500e+02,0.00000e+00,0.00000e+00,6.49928e-01
Sb-La1,3.60470e+03,1.32966e+02,0.00000e+00,5.12226e-01
Sb-La2,3.59530e+03,1.32966e+01,0.00000e+00,5.12226e-01
Sb-Lb1,3.84350e+03,6.72810e+01,0.00000e+00,5.51281e-01
Sb-Lb2,4.10080e+03,2.07428e+01,0.00000e+00,5.12226e-01
Sb-Lb3,3.93270e+03,1.46263e+01,0.00000e+00,6.02333e-01
Sb-Mz1,4.38500e+02,0.00000e+00,0.00000e+00,4.21279e-01
Sb-Mg1,7.34200e+02,0.00000e+00,0.00000e+00,6.39031e-01
Te-La1,3.76930e+03,2.05804e+02,0.00000e+00,5.26569e-01
Te-La2,3.75890e+03,2.05804e+01,0.00000e+00,5.26569e-01
Te-Lb1,4.02950e+03,1.05577e+02,0.00000e+00,5.68362e-01
Te-Lb2,4.30160e+03,3.35460e+01,0.00000e+00,5.26569e-01
Te-Mz1,4.72300e+02,9.22737e+01,0.00000e+00,4.32137e-01
Te-Mg1,7.78900e+02,9.22737e+00,0.00000e+00,6.44967e-01
I-La1,3.93770e+03,2.76271e+02,0.00000e+00,5.14608e-01
I-La2,3.92580e+03,2.76271e+01,0.00000e+00,5.14608e-01
I-Lb1,4.22080e+03,1.43384e+02,0.00000e+00,5.57163e-01
I-Lb2,4.50750e+03,4.69660e+01,0.00000e+00,5.14608e-01
I-Lb3,4.31350e+03,2.76271e+01,0.00000e+00,6.06668e-01
I-Mz1,5.08600e+02,6.73068e+01,0.00000e+00,4.22139e-01
I-Mg1,8.25000e+02,6.73068e+00,0.00000e+00,6.19924e-01
Xe-La1,4.10990e+03,2.32985e+02,0.00000e+00,5.24463e-01
Xe-La2,4.09680e+03,2.32985e+01,0.00000e+00,5.24463e-01
Xe-Lb1,4.41830e+03,1.16493e+02,0.00000e+00,5.69649e-01
Xe-Lb2,4.71820e+03,3.96075e+01,0.00000e+00,5.24463e-01
Xe-Lb3,4.51580e+03,2.32985e+01,0.00000e+00,6.19793e-01
Xe-Mz1,5.38700e+02,0.00000e+00,0.00000e+00,4.68719e-01
Xe-Mg1,8.73000e+02,0.00000e+00,0.00000e+00,6.78135e-01
Cs-La1,4.28640e+03,1.85022e+02,0.00000e+00,5.23529e-01
Cs-La2,4.27240e+03,1.85022e+01,0.00000e+00,5.23529e-01
Cs-Lb1,4.61990e+03,9.06608e+01,0.00000e+00,5.70196e-01
Cs-Lb2,4.93540e+03,3.14537e+01,0.00000e+00,5.23529e-01
Cs-Mz1,5.67200e+02,8.76646e+01,0.00000e+00,4.64699e-01
Cs-Mg1,9.21100e+02,8.76646e+00,0.00000e+00,6.62293e-01
Ba-La1,4.46630e+03,2.66381e+02,0.00000e+00,5.34069e-01
Ba-Lb1,4.82750e+03,1.22535e+02,0.00000e+00,5.83511e-01
Ba-Lb2,5.15710e+03,3.72933e+01,0.00000e+00,5.34069e-01
Ba-Lb3,4.92660e+03,3.19657e+01,0.00000e+00,6.32548e-01
Ba-Mz1,6.04300e+02,0.00000e+00,0.00000e+00,4.67297e-01
Ba-Mg1,9.72300e+02,0.00000e+00,0.00000e+00,6.57819e-01
La-La1,4.65100e+03,3.28691e+02,0.00000e+00,5.33425e-01
La-La2,4.63420e+03,3.28691e+01,0.00000e+00,5.33425e-01
La-Lb1,5.04210e+03,1.64345e+02,0.00000e+00,5.84777e-01
La-Lb2,5.38380e+03,6.73816e+01,0.00000e+00,5.33425e-01
La-Lb3,5.14290e+03,3.28691e+01,0.00000e+00,6.33180e-01
La-Mz1,6.42700e+02,0.00000e+00,0.00000e+00,4.58435e-01
La-Mg1,1.02450e+03,0.00000e+00,0.00000e+00,6.39833e-01
Ce-La1,4.84010e+03,2.00541e+02,0.00000e+00,5.31928e-01
Ce-La2,4.82210e+03,2.00541e+01,0.00000e+00,5.31928e-01
Ce-Lb1,5.26290e+03,9.62597e+01,0.00000e+00,5.85111e-01
Ce-Lb2,5.61340e+03,3.81028e+01,0.00000e+00,5.31928e-01
Ce-Lb3,5.36340e+03,2.00541e+01,0.00000e+00,6.32622e-01
Pr-La1,5.03330e+03,1.63417e+02,0.00000e+00,5.28869e-01
Pr-La2,5.01320e+03,1.63417e+01,0.00000e+00,5.28869e-01
Pr-Lb1,5.48930e+03,8.49769e+01,0.00000e+00,5.83851e-01
Pr-Lb2,5.85110e+03,3.59518e+01,0.00000e+00,5.28869e-01
Pr-Lb3,5.59260e+03,1.96101e+01,0.00000e+00,6.30513e-01
Pr-Ma1,9.25000e+02,2.09639e+02,0.00000e+00,4.38386e-01
Pr-Mz1,7.14800e+02,1.99157e+02,0.00000e+00,4.49639e-01
Pr-Mg1,1.12900e+03,2.09639e+01,0.00000e+00,6.18119e-01
Nd-La1,5.23020e+03,4.37402e+02,0.00000e+00,5.35635e-01
Nd-La2,5.20840e+03,4.37402e+01,0.00000e+00,5.35635e-01
Nd-Lb1,5.72200e+03,2.18701e+02,0.00000e+00,5.93536e-01
Nd-Lb2,6.09040e+03,8.74804e+01,0.00000e+00,5.35635e-01
Nd-Lb3,5.82860e+03,4.37402e+01,0.00000e+00,6.40283e-01
Nd-Ma1,9.71700e+02,0.00000e+00,0.00000e+00,4.11091e-01
Nd-Mb,9.96500e+02,0.00000e+00,0.00000e+00,4.22006e-01
Nd-Mz1,7.56200e+02,0.00000e+00,0.00000e+00,4.22006e-01
Nd-Mg1,1.17990e+03,0.00000e+00,0.00000e+00,5.76148e-01
Pm-La1,5.43240e+03,6.03511e+02,0.00000e+00,5.33684e-01
Pm-La2,5.40780e+03,6.03511e+01,0.00000e+00,5.33684e-01
Pm-Lb1,5.96130e+03,2.89685e+02,0.00000e+00,5.93634e-01
Pm-Lb2,6.33890e+03,1.08632e+02,0.00000e+00,5.33684e-01
Pm-Lb3,6.07100e+03,6.03511e+01,0.00000e+00,6.39752e-01
Pm-Ma1,1.02090e+03,0.00000e+00,0.00000e+00,3.99029e-01
Pm-Mb,1.04750e+03,0.00000e+00,0.00000e+00,4.10431e-01
Pm-Mz1,7.97100e+02,0.00000e+00,0.00000e+00,4.10431e-01
Pm-Mg1,1.23650e+03,0.00000e+00,0.00000e+00,5.56685e-01
Sm-La1,5.63600e+03,7.54796e+02,0.00000e+00,5.49178e-01
Sm-La2,5.61020e+03,7.54796e+01,0.00000e+00,5.49178e-01
Sm-Lb1,6.20580e+03,3.47206e+02,0.00000e+00,6.13232e-01
Sm-Lb2,6.58720e+03,1.28315e+02,0.00000e+00,5.49178e-01
Sm-Ma1,1.07420e+03,0.00000e+00,0.00000e+00,4.00913e-01
Sm-Mb,1.10050e+03,0.00000e+00,0.00000e+00,4.12353e-01
Sm-Mz1,8.40400e+02,0.00000e+00,0.00000e+00,4.12353e-01
Eu-La1,5.84600e+03,4.02413e+02,0.00000e+00,5.51261e-01
Eu-La2,5.81630e+03,4.02413e+01,0.00000e+00,5.51261e-01
Eu-Lb1,6.45650e+03,1.81086e+02,0.00000e+00,6.18013e-01
Eu-Lb2,6.84370e+03,6.84103e+01,0.00000e+00,5.51261e-01
Eu-Lb3,6.57140e+03,4.02413e+01,0.00000e+00,6.64591e-01
Eu-Ma1,1.12490e+03,0.00000e+00,0.00000e+00,3.91117e-01
Eu-Mb,1.15769e+03,0.00000e+00,0.00000e+00,4.03409e-01
Eu-Mz1,8.76700e+02,0.00000e+00,0.00000e+00,4.03409e-01
Gd-La1,6.05760e+03,0.00000e+00,0.00000e+00,5.67189e-01
Gd-La2,6.02560e+03,0.00000e+00,0.00000e+00,5.67189e-01
Gd-Lb1,6.71310e+03,0.00000e+00,0.00000e+00,6.38476e-01
Gd-Lb2,7.10230e+03,0.00000e+00,0.00000e+00,5.67189e-01
Gd-Lb3,6.83160e+03,0.00000e+00,0.00000e+00,6.85938e-01
Gd-Ma1,1.17668e+03,8.32944e+01,0.00000e+00,3.91704e-01
Gd-Mb,1.20792e+03,8.32944e+00,0.00000e+00,4.04381e-01
Gd-Mz1,9.28700e+02,4.74778e+01,0.00000e+00,4.04381e-01
Tb-La1,6.27280e+03,0.00000e+00,0.00000e+00,5.70624e-01
Tb-La2,6.23900e+03,0.00000e+00,0.00000e+00,5.70624e-01
Tb-Lb1,6.97660e+03,0.00000e+00,0.00000e+00,6.45045e-01
Tb-Lb2,7.36700e+03,0.00000e+00,0.00000e+00,5.70624e-01
Tb-Lb3,7.09670e+03,0.00000e+00,0.00000e+00,6.92415e-01
Tb-Ma1,1.23260e+03,0.00000e+00,0.00000e+00,3.83551e-01
Tb-Mb,1.26560e+03,0.00000e+00,0.00000e+00,3.96090e-01
Tb-Mz1,9.64800e+02,0.00000e+00,0.00000e+00,3.96090e-01
Dy-La1,6.49520e+03,1.90256e+02,0.00000e+00,5.85460e-01
Dy-La2,6.45760e+03,2.09281e+01,0.00000e+00,5.85460e-01
Dy-Lb1,7.24810e+03,9.51278e+01,0.00000e+00,6.64663e-01
Dy-Lb2,7.63590e+03,3.99537e+01,0.00000e+00,5.85460e-01
Dy-Lb3,7.37020e+03,1.90256e+01,0.00000e+00,7.12647e-01
Dy-Ma1,1.29070e+03,0.00000e+00,0.00000e+00,3.77862e-01
Dy-Mb,1.32830e+03,0.00000e+00,0.00000e+00,3.91055e-01
Dy-Mz1,1.00070e+03,0.00000e+00,0.00000e+00,3.91055e-01
Ho-La1,6.71970e+03,1.58201e+03,0.00000e+00,5.88659e-01
Ho-La2,6.67960e+03,1.58201e+02,0.00000e+00,5.88659e-01
Ho-Lb1,7.52630e+03,6.80264e+02,0.00000e+00,6.71274e-01
Ho-Lb2,7.91010e+03,2.68942e+02,0.00000e+00,5.88659e-01
Ho-Ma1,1.34770e+03,0.00000e+00,0.00000e+00,3.71586e-01
Ho-Mb,1.38780e+03,0.00000e+00,0.00000e+00,3.84865e-01
Ho-Mz1,1.04800e+03,0.00000e+00,0.00000e+00,3.84865e-01
Er-La1,6.94860e+03,0.00000e+00,0.00000e+00,5.96254e-01
Er-La2,6.90460e+03,0.00000e+00,0.00000e+00,5.96254e-01
Er-Lb1,7.81100e+03,0.00000e+00,0.00000e+00,6.83067e-01
Er-Lb2,8.19030e+03,0.00000e+00,0.00000e+00,5.96254e-01
Er-Ma1,1.40500e+03,0.00000e+00,0.00000e+00,3.64371e-01
Er-Mb,1.44900e+03,0.00000e+00,0.00000e+00,3.78093e-01
Er-Mz1,1.08710e+03,0.00000e+00,0.00000e+00,3.78093e-01
Tm-La1,7.18030e+03,0.00000e+00,0.00000e+00,6.02152e-01
Tm-La2,7.13340e+03,0.00000e+00,0.00000e+00,6.02152e-01
Tm-Lb1,8.10230e+03,0.00000e+00,0.00000e+00,6.93047e-01
Tm-Lb2,8.46840e+03,0.00000e+00,0.00000e+00,6.02152e-01
Tm-Ma1,1.46240e+03,0.00000e+00,0.00000e+00,3.55756e-01
Tm-Mb,1.50930e+03,0.00000e+00,0.00000e+00,3.69489e-01
Tm-Mz1,1.12870e+03,0.00000e+00,0.00000e+00,3.69489e-01
Yb-La1,7.41580e+03,1.28031e+03,0.00000e+00,6.17735e-01
Yb-La2,7.36730e+03,1.28031e+02,0.00000e+00,6.17735e-01
Yb-Lb1,8.40190e+03,6.65760e+02,0.00000e+00,7.14360e-01
Yb-Lb2,8.75870e+03,2.56061e+02,0.00000e+00,6.17735e-01
Yb-Lb3,8.53660e+03,1.28031e+02,0.00000e+00,7.63393e-01
Yb-Ma1,1.52150e+03,0.00000e+00,0.00000e+00,3.55218e-01
Yb-Mb,1.57000e+03,0.00000e+00,0.00000e+00,3.68860e-01
Yb-Mz1,1.17960e+03,0.00000e+00,0.00000e+00,3.68860e-01
Lu-La1,7.65560e+03,4.74261e+02,0.00000e+00,6.25766e-01
Lu-La2,7.60470e+03,4.74261e+01,0.00000e+00,6.25766e-01
Lu-Lb1,8.70920e+03,1.94447e+02,0.00000e+00,7.27232e-01
Lu-Lb2,9.04910e+03,8.06244e+01,0.00000e+00,6.25766e-01
Lu-Ma1,1.58160e+03,0.00000e+00,0.00000e+00,3.54027e-01
Lu-Mb,1.63250e+03,0.00000e+00,0.00000e+00,3.67770e-01
Hf-La1,7.89900e+03,9.42686e+03,0.00000e+00,6.42767e-01
Hf-La2,7.84430e+03,9.42686e+02,0.00000e+00,6.42767e-01
Hf-Lb1,9.02300e+03,4.99624e+03,0.00000e+00,7.50714e-01
Hf-Lb2,9.34700e+03,1.79110e+03,0.00000e+00,6.42767e-01
Hf-Ma1,1.64460e+03,5.56653e+01,0.00000e+00,3.51486e-01
Hf-Mb,1.69930e+03,2.50494e+01,0.00000e+00,3.65527e-01
Hf-Na1,2.06700e+02,0.00000e+00,0.00000e+00,4.52786e+00
Ta-La1,8.14600e+03,0.00000e+00,0.00000e+00,6.56343e-01
Ta-La2,8.08790e+03,0.00000e+00,0.00000e+00,6.56343e-01
Ta-Lb1,9.34290e+03,0.00000e+00,0.00000e+00,7.70329e-01
Ta-Lb2,9.65180e+03,0.00000e+00,0.00000e+00,6.56343e-01
Ta-Ma1,1.71010e+03,0.00000e+00,0.00000e+00,3.46374e-01
Ta-Mb,1.76820e+03,0.00000e+00,0.00000e+00,3.60473e-01
Ta-Na1,2.16300e+02,0.00000e+00,0.00000e+00,4.35880e+00
W-La1,8.39760e+03,0.00000e+00,0.00000e+00,6.73991e-01
W-La2,8.33520e+03,0.00000e+00,0.00000e+00,6.73991e-01
W-Lb1,9.67240e+03,0.00000e+00,0.00000e+00,7.95195e-01
W-Lb2,9.96140e+03,0.00000e+00,0.00000e+00,6.73991e-01
W-Lb3,9.81880e+03,0.00000e+00,0.00000e+00,8.47453e-01
W-Ma1,1.77560e+03,5.88931e+01,0.00000e+00,3.41710e-01
W-Mb,1.83510e+03,2.65019e+01,0.00000e+00,3.56061e-01
W-Na1,2.22300e+02,0.00000e+00,0.00000e+00,4.29405e+00
Re-La1,8.65240e+03,1.52418e+03,0.00000e+00,6.88316e-01
Re-La2,8.58640e+03,1.52418e+02,0.00000e+00,6.88316e-01
Re-Lb1,1.00098e+04,6.24914e+02,0.00000e+00,8.16463e-01
Re-Lb2,1.02751e+04,2.89594e+02,0.00000e+00,6.88316e-01
Re-Ma1,1.84230e+03,6.85463e+01,0.00000e+00,3.38218e-01
Re-Mb,1.90830e+03,3.08458e+01,0.00000e+00,3.52677e-01
Os-La1,8.91080e+03,3.41600e+02,0.00000e+00,7.12581e-01
Os-La2,8.84010e+03,3.41600e+01,0.00000e+00,7.12581e-01
Os-Lb1,1.03542e+04,1.33224e+02,0.00000e+00,8.49883e-01
Os-Lb2,1.05981e+04,6.49039e+01,0.00000e+00,7.12581e-01
Os-Ma1,1.91380e+03,0.00000e+00,0.00000e+00,3.36600e-01
Os-Mb,1.98450e+03,0.00000e+00,0.00000e+00,3.51433e-01
Ir-La1,9.17480e+03,0.00000e+00,0.00000e+00,7.32378e-01
Ir-La2,9.09910e+03,0.00000e+00,0.00000e+00,7.32378e-01
Ir-Lb1,1.07080e+04,0.00000e+00,0.00000e+00,8.78311e-01
Ir-Lb2,1.09203e+04,0.00000e+00,0.00000e+00,7.32378e-01
Ir-Ma1,1.97990e+03,6.56895e+01,0.00000e+00,3.30316e-01
Ir-Mb,2.05270e+03,2.95603e+01,0.00000e+00,3.45314e-01
Ir-Na1,2.48000e+02,5.07755e+00,0.00000e+00,3.96275e+00
Pt-La1,9.44210e+03,0.00000e+00,0.00000e+00,7.59814e-01
Pt-La2,9.36180e+03,0.00000e+00,0.00000e+00,7.59814e-01
Pt-Lb1,1.10707e+04,0.00000e+00,0.00000e+00,9.16413e-01
Pt-Lb2,1.12504e+04,0.00000e+00,0.00000e+00,7.59814e-01
Pt-Ma1,2.05050e+03,4.68250e+01,0.00000e+00,3.25640e-01
Pt-Mb,2.12760e+03,2.52855e+01,0.00000e+00,3.40749e-01
Pt-Na1,2.56500e+02,0.00000e+00,0.00000e+00,3.89910e+00
Au-La1,9.71300e+03,0.00000e+00,0.00000e+00,7.85243e-01
Au-La2,9.62760e+03,0.00000e+00,0.00000e+00,7.85243e-01
Au-Lb1,1.14425e+04,0.00000e+00,0.00000e+00,9.52694e-01
Au-Lb2,1.15848e+04,0.00000e+00,0.00000e+00,7.85243e-01
Au-Ma1,2.12290e+03,1.85689e+02,0.00000e+00,3.19403e-01
Au-Mb,2.20470e+03,1.13270e+02,0.00000e+00,3.34590e-01
Au-Na1,2.65600e+02,1.74690e+01,0.00000e+00,3.83686e+00
Hg-La1,9.98900e+03,0.00000e+00,0.00000e+00,8.16157e-01
Hg-La2,9.89900e+03,0.00000e+00,0.00000e+00,8.16157e-01
Hg-Lb1,1.18238e+04,0.00000e+00,0.00000e+00,9.96008e-01
Hg-Lb2,1.19241e+04,0.00000e+00,0.00000e+00,8.16157e-01
Hg-Ma1,2.19640e+03,3.16255e+01,0.00000e+00,3.16574e-01
Hg-Mb,2.28270e+03,1.89753e+01,0.00000e+00,3.31847e-01
Hg-Na1,2.76100e+02,0.00000e+00,0.00000e+00,3.85492e+00
Tl-La1,1.02682e+04,0.00000e+00,0.00000e+00,8.54296e-01
Tl-La2,1.01724e+04,0.00000e+00,0.00000e+00,8.54296e-01
Tl-Lb1,1.22128e+04,0.00000e+00,0.00000e+00,1.04880e+00
Tl-Lb2,1.22713e+04,0.00000e+00,0.00000e+00,8.54296e-01
Tl-Ma1,2.27080e+03,7.01935e+01,0.00000e+00,3.14438e-01
Tl-Mb,2.36230e+03,3.93083e+01,0.00000e+00,3.29976e-01
Pb-La1,1.05512e+04,0.00000e+00,0.00000e+00,8.94557e-01
Pb-La2,1.04496e+04,0.00000e+00,0.00000e+00,8.94557e-01
Pb-Lb1,1.26144e+04,0.00000e+00,0.00000e+00,1.10531e+00
Pb-Lb2,1.26223e+04,0.00000e+00,0.00000e+00,8.94557e-01
Pb-Ma1,2.34590e+03,2.86320e+01,0.00000e+00,3.10504e-01
Pb-Mb,2.44270e+03,1.77518e+01,0.00000e+00,3.26184e-01
Pb-Na1,2.92300e+02,0.00000e+00,0.00000e+00,3.97231e+00
Bi-La1,1.08390e+04,0.00000e+00,0.00000e+00,9.30226e-01
Bi-La2,1.07310e+04,0.00000e+00,0.00000e+00,9.30226e-01
Bi-Lb1,1.30235e+04,0.00000e+00,0.00000e+00,1.15668e+00
Bi-Lb2,1.29786e+04,0.00000e+00,0.00000e+00,9.30226e-01
Bi-Ma1,2.42220e+03,8.52843e+01,0.00000e+00,3.05023e-01
Bi-Mb,2.52570e+03,5.28763e+01,0.00000e+00,3.20818e-01
Bi-Na1,3.01700e+02,0.00000e+00,0.00000e+00,3.97923e+00
Po-La1,1.11308e+04,0.00000e+00,0.00000e+00,9.62629e-01
Po-La2,1.10158e+04,0.00000e+00,0.00000e+00,9.62629e-01
Po-Lb1,1.34463e+04,0.00000e+00,0.00000e+00,1.20508e+00
Po-Lb2,1.33404e+04,0.00000e+00,0.00000e+00,9.62629e-01
Po-Ma1,2.51364e+03,6.64656e+01,0.00000e+00,2.97722e-01
Po-Mb,2.62266e+03,3.78854e+01,0.00000e+00,3.13535e-01
At-La1,1.14268e+04,3.86368e+02,0.00000e+00,1.00547e+00
At-La2,1.13048e+04,3.86368e+01,0.00000e+00,1.00547e+00
At-Lb1,1.38760e+04,1.46820e+02,0.00000e+00,1.26703e+00
At-Lb2,1.37381e+04,5.40915e+01,0.00000e+00,1.00547e+00
At-Ma1,2.59612e+03,5.02115e+01,0.00000e+00,2.91770e-01
At-Mb,2.71162e+03,2.86205e+01,0.00000e+00,3.07628e-01
Rn-La1,1.17270e+04,1.67451e+02,0.00000e+00,1.10732e+00
Rn-La2,1.15979e+04,1.67451e+01,0.00000e+00,1.10732e+00
Rn-Lb1,1.43156e+04,6.36314e+01,0.00000e+00,1.40473e+00
Rn-Lb2,1.40824e+04,2.34431e+01,0.00000e+00,1.10732e+00
Rn-Ma1,2.67981e+03,0.00000e+00,0.00000e+00,3.00835e-01
Rn-Mb,2.80187e+03,0.00000e+00,0.00000e+00,3.17535e-01
Fr-La1,1.20315e+04,2.00383e+02,0.00000e+00,1.16189e+00
Fr-La2,1.18950e+04,2.00383e+01,0.00000e+00,1.16189e+00
Fr-Lb1,1.47703e+04,7.61456e+01,0.00000e+00,1.48454e+00
Fr-Lb2,1.44542e+04,2.80536e+01,0.00000e+00,1.16189e+00
Fr-Ma1,2.76084e+03,6.49075e+01,0.00000e+00,2.94695e-01
Fr-Mb,2.88971e+03,3.69973e+01,0.00000e+00,3.11404e-01
Ra-La1,1.23395e+04,2.40085e+02,0.00000e+00,1.23236e+00
Ra-La2,1.21960e+04,2.40085e+01,0.00000e+00,1.23236e+00
Ra-Lb1,1.52359e+04,9.12322e+01,0.00000e+00,1.58621e+00
Ra-Lb2,1.48417e+04,3.36119e+01,0.00000e+00,1.23236e+00
Ra-Ma1,2.80600e+03,4.95981e+00,0.00000e+00,2.90890e-01
Ra-Mb,2.94950e+03,2.82709e+00,0.00000e+00,3.07672e-01
Ac-La1,1.26520e+04,0.00000e+00,0.00000e+00,1.29927e+00
Ac-La2,1.25008e+04,0.00000e+00,0.00000e+00,1.29927e+00
Ac-Lb1,1.57130e+04,0.00000e+00,0.00000e+00,1.68479e+00
Ac-Lb2,1.52340e+04,0.00000e+00,0.00000e+00,1.29927e+00
Ac-Ma1,2.92393e+03,8.56813e+01,0.00000e+00,2.85144e-01
Ac-Mb,3.06626e+03,4.88384e+01,0.00000e+00,3.01894e-01
Th-La1,1.29683e+04,9.14636e+02,0.00000e+00,1.39632e+00
Th-La2,1.28095e+04,9.14636e+01,0.00000e+00,1.39632e+00
Th-Lb1,1.62024e+04,3.47562e+02,0.00000e+00,1.82458e+00
Th-Lb2,1.56239e+04,1.28049e+02,0.00000e+00,1.39632e+00
Th-Ma1,2.99680e+03,9.01939e+01,0.00000e+00,2.84257e-01
Th-Mb,3.14640e+03,5.14105e+01,0.00000e+00,3.01229e-01
Pa-La1,1.32913e+04,8.65127e+02,0.00000e+00,1.46450e+00
Pa-La2,1.31219e+04,8.65127e+01,0.00000e+00,1.46450e+00
Pa-Lb1,1.67025e+04,3.28748e+02,0.00000e+00,1.92861e+00
Pa-Lb2,1.60249e+04,1.21118e+02,0.00000e+00,1.46450e+00
Pa-Ma1,3.08230e+03,1.23972e+02,0.00000e+00,2.75479e-01
Pa-Mb,3.24000e+03,7.06641e+01,0.00000e+00,2.92497e-01
U-La1,1.36146e+04,3.89626e+02,0.00000e+00,1.56935e+00
U-La2,1.34387e+04,4.28589e+01,0.00000e+00,1.56935e+00
U-Lb1,1.72200e+04,1.03251e+02,0.00000e+00,2.08401e+00
U-Lb2,1.64286e+04,6.62365e+01,0.00000e+00,1.56935e+00
U-Ma1,3.17080e+03,5.28912e+01,0.00000e+00,2.76069e-01
U-Mb,3.33630e+03,3.31099e+01,0.00000e+00,2.93258e-01
Np-La1,1.39430e+04,3.13822e+02,0.00000e+00,1.67460e+00
Np-La2,1.37580e+04,3.13822e+01,0.00000e+00,1.67460e+00
Np-Lb1,1.77480e+04,1.19252e+02,0.00000e+00,2.24244e+00
Np-Lb2,1.68380e+04,4.39351e+01,0.00000e+00,1.67460e+00
Np-Ma1,3.25900e+03,9.27506e+01,0.00000e+00,2.68009e-01
Np-Mb,3.43300e+03,5.28678e+01,0.00000e+00,2.85030e-01
Pu-La1,1.42760e+04,8.13186e+01,0.00000e+00,1.77254e+00
Pu-La2,1.40820e+04,8.13186e+00,0.00000e+00,1.77254e+00
Pu-Lb1,1.82900e+04,1.62637e+01,0.00000e+00,2.39411e+00
Pu-Lb2,1.72540e+04,1.13846e+01,0.00000e+00,1.77254e+00
Pu-Ma1,3.34900e+03,4.81389e+01,0.00000e+00,2.68562e-01
Pu-Mb,3.53100e+03,2.74392e+01,0.00000e+00,2.85938e-01
Am-La1,1.46140e+04,3.79275e+02,0.00000e+00,1.92571e+00
Am-La2,1.44100e+04,3.79275e+01,0.00000e+00,1.92571e+00
Am-Lb1,1.88470e+04,1.44125e+02,0.00000e+00,2.62418e+00
Am-Lb2,1.76760e+04,5.30986e+01,0.00000e+00,1.92571e+00
Am-Ma1,3.44600e+03,0.00000e+00,0.00000e+00,2.60301e-01
Am-Mb,3.63500e+03,0.00000e+00,0.00000e+00,2.77519e-01
Cm-La1,1.49600e+04,0.00000e+00,0.00000e+00,2.07864e+00
Cm-La2,1.47380e+04,0.00000e+00,0.00000e+00,2.07864e+00
Cm-Lb1,1.94180e+04,0.00000e+00,0.00000e+00,2.85895e+00
Cm-Lb2,1.81100e+04,0.00000e+00,0.00000e+00,2.07864e+00
Cm-Ma1,3.53500e+03,6.82404e+01,0.00000e+00,2.57507e-01
Cm-Mb,3.74200e+03,3.88970e+01,0.00000e+00,2.75544e-01
